﻿<?xml version="1.0" encoding="utf-8" ?>
<buildings>
  <building>
    <name>Water Pool</name>
    <source_x>2</source_x>
    <source_z>138</source_z>
    <size_x>7</size_x>
    <size_z>7</size_z>
    <pattern>??? ?1? ???</pattern>
    <pattern_position_x>1</pattern_position_x>
    <pattern_position_z>1</pattern_position_z>
    <frequency1>very common</frequency1>
    <frequency2>common</frequency2>
    <frequency3>common</frequency3>
    <frequency4>average</frequency4>
    <frequency5>rare</frequency5>
    <frequency6>very rare</frequency6>
    <frequency7>exclude</frequency7>
    <type>mineshaft_section</type>
    <tags>medieval novv desert</tags>
  </building>
  <building>
    <name>Lava Pool</name>
    <source_x>10</source_x>
    <source_z>138</source_z>
    <size_x>7</size_x>
    <size_z>7</size_z>
    <pattern>??? ?1? ???</pattern>
    <pattern_position_x>1</pattern_position_x>
    <pattern_position_z>1</pattern_position_z>
    <frequency1>exclude</frequency1>
    <frequency2>very rare</frequency2>
    <frequency3>rare</frequency3>
    <frequency4>average</frequency4>
    <frequency5>common</frequency5>
    <frequency6>common</frequency6>
    <frequency7>common</frequency7>
    <type>mineshaft_section</type>
    <tags>medieval novv desert</tags>
  </building>
  <building>
    <name>Mushroom Farm</name>
    <source_x>18</source_x>
    <source_z>138</source_z>
    <size_x>7</size_x>
    <size_z>7</size_z>
    <pattern>??? 01? ???</pattern>
    <pattern_position_x>1</pattern_position_x>
    <pattern_position_z>1</pattern_position_z>
    <frequency1>very common</frequency1>
    <frequency2>common</frequency2>
    <frequency3>average</frequency3>
    <frequency4>rare</frequency4>
    <frequency5>very rare</frequency5>
    <frequency6>exclude</frequency6>
    <frequency7>exclude</frequency7>
    <type>mineshaft_section</type>
    <tags>medieval novv desert</tags>
  </building>
  <building>
    <name>Resting Station</name>
    <source_x>26</source_x>
    <source_z>138</source_z>
    <size_x>7</size_x>
    <size_z>7</size_z>
    <pattern>?1? 010 ?1?</pattern>
    <pattern_position_x>1</pattern_position_x>
    <pattern_position_z>1</pattern_position_z>
    <frequency1>average</frequency1>
    <frequency2>average</frequency2>
    <frequency3>rare</frequency3>
    <frequency4>rare</frequency4>
    <frequency5>very rare</frequency5>
    <frequency6>exclude</frequency6>
    <frequency7>exclude</frequency7>
    <type>mineshaft_section</type>
    <tags>medieval novv desert</tags>
  </building>
  <building>
    <name>Dungeon</name>
    <source_x>2</source_x>
    <source_z>146</source_z>
    <size_x>7</size_x>
    <size_z>7</size_z>
    <pattern>????? ????? ??1?? ????? ?????</pattern>
    <pattern_position_x>2</pattern_position_x>
    <pattern_position_z>2</pattern_position_z>
    <frequency1>exclude</frequency1>
    <frequency2>exclude</frequency2>
    <frequency3>very rare</frequency3>
    <frequency4>rare</frequency4>
    <frequency5>average</frequency5>
    <frequency6>common</frequency6>
    <frequency7>very common</frequency7>
    <type>mineshaft_section</type>
    <tags>medieval novv desert</tags>
  </building>
  <building>
    <name>Dispenser Traps</name>
    <source_x>18</source_x>
    <source_z>146</source_z>
    <size_x>7</size_x>
    <size_z>7</size_z>
    <pattern>?1? 010 ?1?</pattern>
    <pattern_position_x>1</pattern_position_x>
    <pattern_position_z>1</pattern_position_z>
    <frequency1>exclude</frequency1>
    <frequency2>exclude</frequency2>
    <frequency3>very rare</frequency3>
    <frequency4>rare</frequency4>
    <frequency5>average</frequency5>
    <frequency6>common</frequency6>
    <frequency7>very common</frequency7>
    <type>mineshaft_section</type>
    <tags>medieval novv desert</tags>
  </building>
  <building>
    <name>Collapsed Area</name>
    <source_x>26</source_x>
    <source_z>146</source_z>
    <size_x>7</size_x>
    <size_z>7</size_z>
    <pattern>??? ?1? ???</pattern>
    <pattern_position_x>1</pattern_position_x>
    <pattern_position_z>1</pattern_position_z>
    <frequency1>very rare</frequency1>
    <frequency2>rare</frequency2>
    <frequency3>common</frequency3>
    <frequency4>common</frequency4>
    <frequency5>common</frequency5>
    <frequency6>rare</frequency6>
    <frequency7>very rare</frequency7>
    <type>mineshaft_section</type>
    <tags>medieval novv desert</tags>
  </building>
  <building>
    <name>Ghostdancer</name>
    <source_x>10</source_x>
    <source_z>146</source_z>
    <size_x>7</size_x>
    <size_z>7</size_z>
    <pattern>?1? 010 ?1?</pattern>
    <pattern_position_x>1</pattern_position_x>
    <pattern_position_z>1</pattern_position_z>
    <frequency1>exclude</frequency1>
    <frequency2>exclude</frequency2>
    <frequency3>exclude</frequency3>
    <frequency4>exclude</frequency4>
    <frequency5>exclude</frequency5>
    <frequency6>exclude</frequency6>
    <frequency7>very common</frequency7>
    <type>mineshaft_section</type>
    <unique>yes</unique>
    <tags>medieval novv desert</tags>
  </building>
</buildings>
