<?xml version="1.0" encoding="utf-8" ?>
<!--
  Hey, listen!
  
  The format of this file is very new and will most likely change in the next few
    versions.
  
  If you modify/create a theme file and then it breaks when a new version of Mace
    is released, just send it along to me and I'll make it compatible for you.
-->
<theme>

  <include>
    <farms>no</farms>
    <moat>yes</moat>
    <walls>yes</walls>
    <drawbridges>yes</drawbridges>
    <!-- guard towers only appear if walls are included -->
    <guard_towers>yes</guard_towers>
    <buildings>yes</buildings>
    <paths>yes</paths>
    <mineshaft>yes</mineshaft>
    <emblems>yes</emblems>
    <outside_lights>yes</outside_lights>
    <tower_addition>yes</tower_addition>
    <flowers>yes</flowers>
    <sky_feature>no</sky_feature>
    <street_lights>yes</street_lights>
  </include>

  <options>
    <moat>Cactus</moat>
    <flowers>32_0,81_0</flowers>
    <emblem>Cobweb,Cross,Heart,Pride Flag,Shield,Yin and Yang</emblem>
    <outside_lights>Fire,Torches</outside_lights>
    <wall_material>24_0</wall_material>
    <tower_addition>Fire beacon,Flag</tower_addition>
    <path>43_0,98_0</path>
    <!-- must be an odd number from 5 upwards -->
    <city_size>7,9,11,13</city_size>
    <ground_block>12_0</ground_block>
    <street_lights>Glowstones,Torches</street_lights>
    <city_prefix_file>Desert_Adjectives.txt</city_prefix_file>
    <city_suffix_file>Desert_Nouns.txt</city_suffix_file>
    <flower_percent>15</flower_percent>
  </options>

  <buildings>
    <building>
      <name>Small Sandstone House</name>
      <size>8</size>
      <source_x>62</source_x>
      <source_z>73</source_z>
      <frequency>very common</frequency>
    </building>
    <building>
      <name>Large Sandstone House</name>
      <size>14</size>
      <source_x>98</source_x>
      <source_z>130</source_z>
      <frequency>common</frequency>
    </building>
    <building>
      <name>Mosque</name>
      <size>13</size>
      <source_x>112</source_x>
      <source_z>59</source_z>
      <frequency>average</frequency>
    </building>
    <building>
      <name>Pyramid</name>
      <size>12</size>
      <source_x>100</source_x>
      <source_start_y>50</source_start_y>
      <source_z>93</source_z>
      <frequency>rare</frequency>
    </building>

    <building>
      <name>Sky Feature</name>
      <size>11</size>
      <source_x>5</source_x>
      <source_start_y>100</source_start_y>
      <source_z>73</source_z>
      <frequency>exclude</frequency>
    </building>

    <!-- the size of mineshaft entrances should be an odd number -->
    <building>
      <name>Ghostdancer's Creeper Sandstone Mineshaft Entrance</name>
      <size>7</size>
      <source_x>55</source_x>
      <source_z>54</source_z>
      <frequency>very common</frequency>
      <mineshaft_entrance>yes</mineshaft_entrance>
    </building>

    <!-- mineshaft sections above 7x7 are currently buggy - i'll fix this in a future version -->

    <building>
      <name>Mineshaft Water Pool</name>
      <source_x>2</source_x>
      <source_z>138</source_z>
      <size_x>7</size_x>
      <size_z>7</size_z>
      <pattern>??? ?1? ???</pattern>
      <pattern_position_x>1</pattern_position_x>
      <pattern_position_z>1</pattern_position_z>
      <frequency1>very common</frequency1>
      <frequency2>common</frequency2>
      <frequency3>common</frequency3>
      <frequency4>average</frequency4>
      <frequency5>rare</frequency5>
      <frequency6>very rare</frequency6>
      <frequency7>exclude</frequency7>
      <mineshaft_section>yes</mineshaft_section>
    </building>
    <building>
      <name>Mineshaft Lava Pool</name>
      <source_x>10</source_x>
      <source_z>138</source_z>
      <size_x>7</size_x>
      <size_z>7</size_z>
      <pattern>??? ?1? ???</pattern>
      <pattern_position_x>1</pattern_position_x>
      <pattern_position_z>1</pattern_position_z>
      <frequency1>exclude</frequency1>
      <frequency2>very rare</frequency2>
      <frequency3>rare</frequency3>
      <frequency4>average</frequency4>
      <frequency5>common</frequency5>
      <frequency6>common</frequency6>
      <frequency7>common</frequency7>
      <mineshaft_section>yes</mineshaft_section>
    </building>
    <building>
      <name>Mineshaft Mushroom Farm</name>
      <source_x>18</source_x>
      <source_z>138</source_z>
      <size_x>7</size_x>
      <size_z>7</size_z>
      <pattern>??? 01? ???</pattern>
      <pattern_position_x>1</pattern_position_x>
      <pattern_position_z>1</pattern_position_z>
      <frequency1>very common</frequency1>
      <frequency2>common</frequency2>
      <frequency3>average</frequency3>
      <frequency4>rare</frequency4>
      <frequency5>very rare</frequency5>
      <frequency6>exclude</frequency6>
      <frequency7>exclude</frequency7>
      <mineshaft_section>yes</mineshaft_section>
    </building>
    <building>
      <name>Mineshaft Resting Station</name>
      <source_x>26</source_x>
      <source_z>138</source_z>
      <size_x>7</size_x>
      <size_z>7</size_z>
      <pattern>?1? 010 ?1?</pattern>
      <pattern_position_x>1</pattern_position_x>
      <pattern_position_z>1</pattern_position_z>
      <frequency1>average</frequency1>
      <frequency2>average</frequency2>
      <frequency3>rare</frequency3>
      <frequency4>rare</frequency4>
      <frequency5>very rare</frequency5>
      <frequency6>exclude</frequency6>
      <frequency7>exclude</frequency7>
      <mineshaft_section>yes</mineshaft_section>
    </building>
    <building>
      <name>Mineshaft Dungeon</name>
      <source_x>2</source_x>
      <source_z>146</source_z>
      <size_x>7</size_x>
      <size_z>7</size_z>
      <pattern>????? ????? ??1?? ????? ?????</pattern>
      <pattern_position_x>2</pattern_position_x>
      <pattern_position_z>2</pattern_position_z>
      <frequency1>exclude</frequency1>
      <frequency2>exclude</frequency2>
      <frequency3>very rare</frequency3>
      <frequency4>rare</frequency4>
      <frequency5>average</frequency5>
      <frequency6>common</frequency6>
      <frequency7>very common</frequency7>
      <mineshaft_section>yes</mineshaft_section>
    </building>
    <building>
      <name>Mineshaft Ghostdancer</name>
      <source_x>10</source_x>
      <source_z>146</source_z>
      <size_x>7</size_x>
      <size_z>7</size_z>
      <pattern>?1? 010 ?1?</pattern>
      <pattern_position_x>1</pattern_position_x>
      <pattern_position_z>1</pattern_position_z>
      <frequency1>exclude</frequency1>
      <frequency2>exclude</frequency2>
      <frequency3>exclude</frequency3>
      <frequency4>exclude</frequency4>
      <frequency5>exclude</frequency5>
      <frequency6>exclude</frequency6>
      <frequency7>very common</frequency7>
      <mineshaft_section>yes</mineshaft_section>
      <unique>yes</unique>
    </building>
  </buildings>
</theme>